[
    {
        "id": 1,
        "breed": "German Shepherd",
        "weight": "22-40 kg",
        "height": "55-65 cm",
        "origin": "Germany",
        "life_expectancy": "9-13 years",
        "temperament": "Confident, Courageous, Intelligent",
        "coat": "Medium-length and double-layered",
        "poster_url_1": "https://cdn2.thedogapi.com/images/r1f_ll5VX.jpg",
        "poster_url_2": "https://worldanimalfoundation.org/wp-content/uploads/2024/02/german-shepherd-2-3.jpg",
        "poster_url_3": "https://media-be.chewy.com/wp-content/uploads/2021/05/11162926/German-Shepherd-1358309706-1024x591.jpg",
        "description": "The German Shepherd is known for its intelligence, courage, and versatility. It is commonly used in roles such as police, military, and search-and-rescue work."
    },
    {
        "id": 2,
        "breed": "Golden Retriever",
        "weight": "25-34 kg",
        "height": "55-61 cm",
        "origin": "United Kingdom",
        "life_expectancy": "10-12 years",
        "temperament": "Friendly, Intelligent, Devoted",
        "coat": "Dense and water-repellant",
        "poster_url_1": "https://cdn2.thedogapi.com/images/HJ7Pzg5EQ.jpg",
        "poster_url_2": "https://13630656.rocketcdn.me/wp-content/uploads/2020/01/Golden4.jpg.webp",
        "poster_url_3": "https://images.unsplash.com/photo-1591160690555-5debfba289f0?fm=jpg&q=60&w=3000&ixlib=rb-4.0.3&ixid=M3wxMjA3fDB8MHxwaG90by1wYWdlfHx8fGVufDB8fHx8fA%3D%3D",
        "description": "The Golden Retriever is a friendly and loyal dog, known for its intelligence and devotion to its owners. It is popular as a family pet and also excels as a service dog."
    },
    {
        "id": 3,
        "breed": "Labrador Retriever",
        "weight": "25-36 kg",
        "height": "54-57 cm",
        "origin": "Canada",
        "life_expectancy": "10-12 years",
        "temperament": "Outgoing, Friendly, Gentle",
        "coat": "Short and dense",
        "poster_url_1": "https://cdn2.thedogapi.com/images/B1uW7l5VX.jpg",
        "poster_url_2": "https://www.bil-jac.com/media/j1hodeqf/labrador-962177576.jpg",
        "poster_url_3": "https://valmajano.com/wp-content/uploads/2022/12/1L5A5915-3.jpg",
        "description": "The Labrador Retriever is known for its gentle, friendly nature, making it one of the most popular dog breeds in the world. It is frequently used as a guide or therapy dog."
    },
    {
        "id": 4,
        "breed": "Siberian Husky",
        "weight": "20-27 kg",
        "height": "50-60 cm",
        "origin": "Siberia",
        "life_expectancy": "12-14 years",
        "temperament": "Friendly, Energetic, Independent",
        "coat": "Thick double coat",
        "poster_url_1": "https://cdn2.thedogapi.com/images/S17ZilqNm.jpg",
        "poster_url_2": "https://static.wikia.nocookie.net/reinoanimalia/images/a/a9/Husky_siberiano_20.png/revision/latest?cb=20150513044750&path-prefix=es",
        "poster_url_3": "https://img-rpba.s3.ap-southeast-2.amazonaws.com/wp-content/uploads/2022/09/21154112/siberianhuskycharacteristics-1024x766.jpg",
        "description": "The Siberian Husky is an energetic and independent breed, known for its striking appearance and thick double coat. It was bred for endurance and thrives in colder climates."
    },
    {
        "id": 5,
        "breed": "Dalmatian",
        "weight": "23-25 kg",
        "height": "48-58 cm",
        "origin": "Croatia",
        "life_expectancy": "10-13 years",
        "temperament": "Outgoing, Friendly, Energetic",
        "coat": "Short and spotted",
        "poster_url_1": "https://cdn2.thedogapi.com/images/SkJ3blcN7.jpg",
        "poster_url_2": "https://images.saymedia-content.com/.image/ar_1:1%2Cc_fill%2Ccs_srgb%2Cfl_progressive%2Cq_auto:eco%2Cw_1200/MjAxMTY5NTU4ODY4ODYyNDg2/dalmatian-guide.jpg",
        "poster_url_3": "https://i.pinimg.com/originals/88/8a/52/888a520875f01246e31a30bbf33602af.jpg",
        "description": "Dalmatians are famous for their distinctive spotted coats and lively personalities. Historically, they were used as carriage dogs and are still known for their energy and endurance."
    },
    {
        "id": 6,
        "breed": "Beagle",
        "weight": "9-11 kg",
        "height": "33-41 cm",
        "origin": "United Kingdom",
        "life_expectancy": "12-15 years",
        "temperament": "Even Tempered, Intelligent, Determined",
        "coat": "Short and smooth",
        "poster_url_1": "https://cdn2.thedogapi.com/images/Syd4xxqEm.jpg",
        "poster_url_2": "https://www.zooplus.ie/magazine/wp-content/uploads/2018/05/2-Jahre-Beagle.jpg",
        "poster_url_3": "https://upload.wikimedia.org/wikipedia/commons/thumb/6/6c/Beagle_puppy_sitting_on_grass.jpg/1200px-Beagle_puppy_sitting_on_grass.jpg",
        "description": "The Beagle is a small, intelligent, and determined dog, originally bred for hunting. Its even temperament and friendly nature make it a popular choice as a family pet."
    },
    {
        "id": 7,
        "breed": "Poodle",
        "weight": "20-32 kg",
        "height": "45-60 cm",
        "origin": "Germany, France",
        "life_expectancy": "12-15 years",
        "temperament": "Intelligent, Active, Alert",
        "coat": "Curly and dense",
        "poster_url_1": "https://cdn2.thedogapi.com/images/Hkxk4ecVX.jpg",
        "poster_url_2": "https://www.metlifepetinsurance.com/content/dam/metlifecom/us/metlifepetinsurance/poodle-breeds-min.webp",
        "poster_url_3": "https://puppocino.com/cdn/shop/files/CC86A582-FB47-4EA6-90FE-2505F812E86A_2048x.jpg?v=1712938975",
        "description": "Poodles are known for their intelligence, alertness, and distinctive curly coat. They come in various sizes and are widely regarded as one of the most trainable dog breeds."
    }
]